row_id,Unnamed: 0,Date,Latitude,Longitude,Sentiment,Company Name,Country,City,State
192,212296,02-Jun-2017 03:22:57,0.109739996493,113.917396545,False,HONDA,United States,Nashville,
230,1175831,19-Sep-2017 11:44:05,27.9757995605,-81.5410614014,True,APPLE INC,united states,Boston,florida
1011,924319,04-Sep-2017 11:03:25,18.8211593628,76.7661590576,True,INFOSYS,India,Gangākher,
1087,2118842,09-Nov-2017 17:48:37,40.1903305054,-82.66947174069999,True,MCDONALDS,United States,Lake Wales,
1169,1774029,27-Oct-2017 00:45:05,51.0883598328,4.9112701416,True,MICROSOFT - WINDOWS 10,belgium,Bellevue,
2973,773146,22-Aug-2017 06:31:16,22.150220871,72.8140411377,False,ELECTRONIC ARTS,india,Jambusar,ohio
3114,2047417,07-Nov-2017 04:56:48,35.8443984985,-86.3943405151,True,NISSAN,united states,Murfreesboro,tennessee
3169,2098033,08-Nov-2017 20:32:10,44.6926612854,10.6284599304,False,APPLE INC,Italy,Reggio nell'Emilia,oregon
4518,650011,31-Jul-2017 14:00:05,38.8698005676,-82.5438613892,True,MCDONALDS,united states,Magnolia,ohio
4523,2217647,15-Nov-2017 23:54:04,37.9642529,-91.8318334,False,INTUIT,united states,St. Louis,missouri
4602,1157343,18-Sep-2017 03:27:17,41.727219,-93.602821,True,UBISOFT,United States,Philadelphia,iowa
4617,1451926,09-Oct-2017 21:22:40,42.4072113037,-71.3824386597,True,MCDONALDS,United States,Byram,massachusetts
4879,969058,07-Sep-2017 15:31:33,51.506401062,-0.127210006118,True,T-MOBILE,united kingdom,Independence,maine
5212,728737,18-Aug-2017 02:28:33,52.7249984741,4.65139007568,False,IKEA,netherlands,Egmond aan Zee,maine
5747,1068252,13-Sep-2017 04:24:26,10.524189949,77.7201385498,False,APPLE INC,india,Ayakudi,ohio
5930,913384,03-Sep-2017 02:18:18,39.035869598400005,-94.6373519897,False,NISSAN,united states,Roeland Park,kansas
5931,1227522,22-Sep-2017 14:41:05,-8.37738037109,-38.0835418701,False,H&M,brazil,Ibimirim,
6229,2288861,19-Nov-2017 02:11:22,40.4313011169,-79.9806976318,True,NISSAN,United States,Pittsburgh,
6355,26241,05-Apr-2017 02:24:44,40.7127838135,-74.0059432983,False,GLAXO SMITHKLINE,united states,Byram,new york
6534,970210,07-Sep-2017 16:24:16,48.1364097595,11.5775299072,False,NOKIA,Germany,Munich,michigan
6644,459599,05-Jul-2017 01:34:00,33.2098388672,-87.56917572020002,True,Apple Computer Inc,united states,Tuscaloosa,
6936,489863,10-Jul-2017 10:43:35,29.7754192352,-95.3818893433,True,BRITISH AIRWAYS,united states,Drapetsóna,texas
6948,162396,20-May-2017 00:07:09,11.013879776,76.9693908691,False,KOHL'S,india,Sudbury,ohio
7320,2405031,22-Nov-2017 19:53:45,27.5390205383,-80.3865280151,True,NISSAN,united states,Lakewood Park,florida
7461,1529899,12-Oct-2017 21:18:09,53.4516906738,-2.05569005013,True,RWE NPOWER,united kingdom,Stalybridge,maine
7576,2097675,08-Nov-2017 20:17:21,32.916381835900005,130.626327515,False,HCL,japan,Ueki,maine
8442,1261759,26-Sep-2017 09:27:11,3.15247988701,101.717269897,True,Apple Computer Inc,Malaysia,Kuala Lumpur,ohio
8697,1669942,17-Oct-2017 22:22:54,52.8835601807,-1.9740600585900003,False,SUNEXPRESS,United Kingdom,Cheadle,
8700,613327,27-Jul-2017 14:20:57,51.5,-0.116667002439,True,HSBC,United Kingdom,City of Westminster,
9011,1602504,15-Oct-2017 16:57:18,9.08456993103,8.67424964905,False,SABMILLER,nigeria,Wamba,
9013,1234057,25-Sep-2017 00:45:10,21.7866001129,82.79476165770001,False,JET AIRWAYS,india,Seorīnārāyan,
9322,1643587,17-Oct-2017 01:29:07,40.3399391174,-88.7626876831,False,SPORTS ILLUSTRATED,United States,Le Roy,illinois
9452,665656,03-Aug-2017 00:22:36,30.55699729920001,-97.6899795532,True,IKEA,United States,Brushy Creek,
9632,2080336,08-Nov-2017 05:22:03,-24.9120998383,133.397994995,False,TELSTRA,Australia,Alice Springs,ohio
9679,562362,21-Jul-2017 00:41:40,51.55505371090001,0.0626870989799,True,ELECTRONIC ARTS,United Kingdom,Barking,
9772,36509,07-Apr-2017 10:29:30,40.7127838135,-74.0059432983,False,EA - MASS EFFECT,United States,Byram,new york
9850,427544,30-Jun-2017 08:28:31,55.864238739,-4.25180578232,True,BRITISH AIRWAYS,United Kingdom,Rutherglen,maine
10027,724416,17-Aug-2017 19:39:34,-32.898281097399995,151.750732422,False,TELSTRA,Australia,Newcastle,
10240,2186449,15-Nov-2017 00:42:13,39.7661781311,-86.4410476685,False,ORACLE,United States,Avon,
10475,1203292,21-Sep-2017 06:41:26,32.839679718,-83.6275787354,False,BRITISH AIRWAYS,United Kingdom,Aberfeldy,georgia
10732,1524257,12-Oct-2017 16:10:07,38.99792099,-105.550956726,True,NISSAN,Turkey,Şişli,colorado
10778,1343583,30-Sep-2017 15:03:01,43.7844390869,-88.7878646851,False,TIMES OF INDIA,India,Seorīnārāyan,wisconsin
10810,2576209,29-Nov-2017 04:40:47,0.109739996493,113.917396545,True,T-MOBILE,Sweden,Pershagen,
10979,2347142,20-Nov-2017 23:07:23,0.316560000181,32.5881004333,True,LOVEWINS CAMPAIGN,Australia,North Ipswich,
11030,2256459,17-Nov-2017 23:31:22,33.172668457,-86.2619400024,False,NISSAN,United States,Nashville,
11474,241662,06-Jun-2017 02:11:59,49.2247047424,-123.041061401,True,APPLE INC,Canada,Vancouver,
11868,912419,03-Sep-2017 00:10:00,19.0902805328,72.8713684082,True,HCL,India,Mumbai,
12047,423370,29-Jun-2017 18:33:42,18.9750003815,72.8258361816,True,BRITISH AIRWAYS,India,Mumbai,
12339,441401,02-Jul-2017 08:09:55,30.7333145142,76.7794189453,True,HP INC.,India,Chandigarh,
13090,1467541,10-Oct-2017 14:39:10,18.9777297974,72.8103713989,True,NISSAN,India,Mumbai,
13331,2367410,21-Nov-2017 15:38:18,27.5832996368,86.25,True,NISSAN,Nepal,Rāmechhāp,
13671,395774,26-Jun-2017 09:02:14,51.4974937439,-0.135658293962,False,HSBC,United Kingdom,London,
13950,2530747,27-Nov-2017 10:59:41,54.3140716553,-2.23001003265,True,TESCO,United Kingdom,Cambridge,maine
14223,1995952,05-Nov-2017 17:50:26,51.506401062,-0.127210006118,True,PEOPLE,United Kingdom,London,maine
14543,1778424,27-Oct-2017 04:18:26,28.6073303223,77.2035064697,True,TIMES OF INDIA,india,New Delhi,ohio
14577,1412516,06-Oct-2017 08:01:28,3.94514989853,114.401657104,False,AIR ASIA,malaysia,Miri,hawaii
14822,1756319,26-Oct-2017 14:10:11,27.1384391785,80.8623504639,True,TIMES OF INDIA,India,Itaunja,ohio
14856,1157747,18-Sep-2017 04:04:40,25.6106491089,85.1444168091,False,TIMES OF INDIA,India,Patna,ohio
15019,936250,05-Sep-2017 06:27:24,-24.9120998383,133.397994995,False,TELSTRA,Australia,Alice Springs,
15820,510585,13-Jul-2017 15:27:08,51.4983711243,-0.0998729988933,True,EMIRATES,united kingdom,Lambeth,maine
15911,2204434,15-Nov-2017 15:04:42,40.7145500183,-74.0071182251,True,SEPHORA,united states,Byram,New Jersey
16379,104609,27-Apr-2017 16:40:10,48.8499183655,2.63704109192,False,ADIDAS,France,Noisiel,
16597,750685,20-Aug-2017 13:13:18,38.8184089661,-77.0862121582,True,AMERICAN AIRLINES,united states,Glassmanor,virginia
17599,820710,26-Aug-2017 06:08:08,-37.8657989502,145.102828979,True,LOVEWINS CAMPAIGN,Australia,Ashwood,maine
18224,549591,19-Jul-2017 14:40:58,-33.448890686,-70.6692657471,False,H&M,United States,Smethport,
18653,329714,16-Jun-2017 08:44:23,55.7735443115,-3.91935396194,False,BRITISH AIRWAYS,United Kingdom,Wishaw,
18914,2002242,05-Nov-2017 21:08:20,35.6544685364,-97.4781188965,True,NISSAN,united states,Edmond,
19122,1791552,29-Oct-2017 19:00:57,51.2390594482,-1.7938300371200002,False,LEGO,United Kingdom,Milston,maine
19244,11849,01-Apr-2017 11:05:57,-37.4713058472,144.78515625,False,SINGTEL OPTUS,Australia,Sunbury,
19532,2159009,14-Nov-2017 02:40:14,37.2718811035,-119.270233154,False,IKEA,United States,Auberry,
19818,1363075,04-Oct-2017 11:22:28,54.3140716553,-2.23001003265,False,MICROSOFT,United Kingdom,Kirkby Stephen,
20477,2362733,21-Nov-2017 11:37:45,-6.91241979599,107.606910706,True,BRAND FACTORY,India,Seorīnārāyan,ohio
20559,1782236,27-Oct-2017 07:57:41,-6.92673015594,107.688552856,True,EURO WINGS,indonesia,London,
20684,945544,05-Sep-2017 21:00:48,51.4537887573,-2.5916800499,True,VERIZON,United States,Independence,
20765,1341508,30-Sep-2017 11:54:40,40.3698806763,-105.518630981,True,MCDONALDS,united states,Estes Park,Colorado
21098,1608689,15-Oct-2017 21:31:02,21.7866001129,82.79476165770001,False,@AT&T,india,San Jose,ohio
21345,749643,20-Aug-2017 09:30:50,41.9433288574,-84.8835067749,True,ALDI,united states,Altrincham,michigan
21408,1132516,16-Sep-2017 14:00:54,38.2531890869,-122.068527222,True,BRITISH AIRWAYS,United Kingdom,Douglas,
21740,944423,05-Sep-2017 18:56:28,30.0688705444,-89.9313583374,True,NIKE,united states,Chalmette,
22257,2162337,14-Nov-2017 10:47:51,42.503818512,12.5734701157,False,MICROSOFT - WINDOWS 10,italy,Narni,california
22565,2478940,25-Nov-2017 15:51:15,52.3555183411,-1.17431974411,False,EMIRATES,united kingdom,Dubai,maine
22600,1091009,14-Sep-2017 14:36:54,21.7866001129,82.79476165770001,False,HEINEKEN,india,Porto Alegre,
22714,370410,22-Jun-2017 13:56:49,39.7400016785,-104.991996765,False,PFIZER,United Kingdom,Bickenhill,colorado
22739,1288878,28-Sep-2017 01:31:13,33.817261,-83.806961,True,NISSAN,United States,Charlotte,
22948,870271,30-Aug-2017 14:39:30,55.8578300476,-4.24250984192,False,ADIDAS,united kingdom,Rutherglen,
23346,641830,31-Jul-2017 00:26:07,-24.9121,133.397995,True,TELSTRA,Australia,Alice Springs,ohio
23620,2347375,20-Nov-2017 23:17:19,-28.8101291656,153.294723511,False,MICROSOFT - WINDOWS 10,australia,East Lismore,maine
23638,134200,09-May-2017 01:56:02,40.7127838135,-74.0059432983,False,MCDONALDS,United States,Byram,new york
23870,2149845,13-Nov-2017 20:37:54,18.4661693573,-66.10665130619999,False,NISSAN,Puerto Rico,San Juan,alaska
24586,2271372,18-Nov-2017 15:14:31,41.9744911194,2.82124996185,True,NISSAN,spain,Girona,maine
24878,372061,22-Jun-2017 16:52:43,51.3159942627,0.889357984066,True,HSBC,United Kingdom,Teynham,maine
24959,4235,30-Mar-2017 18:06:58,55.8541107178,-4.43419981003,False,TM FORUM,united kingdom,Searcy,maine
25057,2420305,23-Nov-2017 09:00:09,46.7106704712,1.71818995476,False,NISSAN,France,Arthon,
25370,135293,10-May-2017 00:40:26,52.3555183411,-1.17431974411,False,LEGO,united kingdom,Rugby,
25529,2453258,24-Nov-2017 17:52:34,38.9047584534,-77.0162506104,False,AMERICAN AIRLINES,United States,"Washington, D. C.",
26047,993708,08-Sep-2017 19:14:28,51.5150718689,-0.0932499989866999,True,BRITISH AIRWAYS,united kingdom,City of London,
26364,26731,05-Apr-2017 05:24:36,52.3555183411,-1.17431974411,False,LUFTHANSA,United Kingdom,Rugby,
26515,2521951,27-Nov-2017 02:14:56,13.7533502579,100.504829407,False,NISSAN,Thailand,Bangkok,
27631,2509278,26-Nov-2017 16:20:05,0.109739996493,113.917396545,False,TELKOMSEL,indonesia,Longnawang,ohio
27701,2237230,17-Nov-2017 08:31:55,52.9941902161,6.55956983566,False,POSTNL,Netherlands,Assen,maine
27758,927019,04-Sep-2017 15:56:53,52.949211120600005,-1.14391005039,False,ACCENTURE,united kingdom,Nottingham,
27975,1090260,14-Sep-2017 14:00:05,26.0597801208,-80.1622085571,False,APPLE INC,United States,Dania Beach,florida
28445,89904,22-Apr-2017 14:55:16,52.1082000732,5.32986021042,True,ADIDAS,France,Malijai,
28579,2113614,09-Nov-2017 13:45:42,33.8327598572,-117.915718079,True,AMERICAN AIRLINES,united states,Burlington,california
28604,1972,02-Feb-2017 21:06:02,12.9775400162,77.5995101929,True,GSK,United States,Fearrington Village,
28745,944651,05-Sep-2017 19:17:41,39.1029510498,-94.5830612183,True,ELECTRONIC ARTS,United States,Santa Cruz,missouri
29484,1210300,21-Sep-2017 17:29:49,53.5243682861,-1.13056004047,True,TESCO,united kingdom,Bentley,maine
29695,234421,05-Jun-2017 15:19:44,51.048614502,-114.070846558,False,APPLE INC,canada,Calgary,alaska
30008,469602,06-Jul-2017 06:14:09,19.4326076508,-99.1332092285,False,T-MOBILE,United States,Dallas,
30110,1008032,10-Sep-2017 00:12:41,53.2428588867,-1.4353300333,True,TESCO,united kingdom,Chesterfield,maine
30555,339373,17-Jun-2017 09:45:21,-26.2041034698,28.0473041534,False,BRITISH AIRWAYS,South Africa,Johannesburg,ohio
30599,1931148,03-Nov-2017 21:43:02,47.2788391113,-122.774757385,True,NISSAN,united states,Home,
30751,281083,09-Jun-2017 10:46:52,51.5,-0.116667002439,True,BRITISH AIRWAYS,United Kingdom,City of Westminster,maine
31038,1453821,09-Oct-2017 23:36:39,38.9047584534,-77.0162506104,True,NISSAN,united states,"Washington, D. C.",maryland
31511,1189607,20-Sep-2017 14:16:08,-0.3616999983789999,-52.1475105286,False,LOVEWINS CAMPAIGN,brazil,Mazagão,alaska
31700,1418337,06-Oct-2017 15:40:55,53.5399284363,-2.11427998543,True,TESCO,United Kingdom,Oldham,
31790,1870832,02-Nov-2017 01:45:55,-5.08330011368,105.333297729,False,TELKOMSEL,Indonesia,Pekalongan,
32092,1848916,01-Nov-2017 10:32:48,51.383251190200006,1.38463997841,True,TESCO,united kingdom,Margate,maine
32634,2135696,13-Nov-2017 08:25:48,25.6106491089,85.1444168091,False,TIMES OF INDIA,India,Patna,
32836,1426560,06-Oct-2017 22:32:33,3.07486009598,101.511291504,True,Apple Computer Inc,Malaysia,Shah Alam,ohio
32883,771376,22-Aug-2017 01:15:23,6.472789764400001,-66.5890426636,False,WALMART,Colombia,Puerto Carreño,
33513,1721622,23-Oct-2017 15:16:45,53.383110046400006,-1.46454000473,True,TELKOMSEL,united kingdom,Surakarta,maine
33570,1053617,12-Sep-2017 19:53:17,38.8235015869,-75.9238128662,True,APPLE INC,United States,Rochester,maryland
33697,1922147,03-Nov-2017 16:57:43,27.7619495392,-82.64292144779999,False,TELKOMSEL,Indonesia,Jasugih Selatan,
33744,278318,07-Jun-2017 19:15:15,43.8716506958,-72.45165252689999,True,DELOITTE,united states,Salt Lake City,
34342,1095398,14-Sep-2017 17:38:47,-12.0436000824,-77.0212173462,False,SPORTS ILLUSTRATED,Canada,Windsor,north carolina
34772,2411515,23-Nov-2017 00:34:12,-6.256080150599999,106.808998108,False,NISSAN,Indonesia,Jakarta,
34981,830573,27-Aug-2017 11:13:27,6.43917989731,3.42348003387,True,PEAKMILK,nigeria,Lagos,
35127,1623402,16-Oct-2017 11:06:24,40.4652481079,-74.3613510132,True,NISSAN,united states,Whittingham,new jersey
35888,2053780,07-Nov-2017 13:29:00,40.3007392883,-83.065788269,True,LOVEWINS CAMPAIGN,united states,Upper Arlington,ohio
35972,193224,30-May-2017 13:58:42,26.1595191956,-97.9908370972,True,FEDEX,United States,Donna,
36039,449071,03-Jul-2017 14:50:24,52.585018158,-2.0576350688900003,False,WHIRLPOOL,united kingdom,Bilston,maine
36312,512805,13-Jul-2017 19:13:53,40.682781,-74.647911,True,DELOITTE,united states,Bridgewater,new jersey
36322,1286943,28-Sep-2017 00:18:15,43.1772613525,-83.7346191406,True,NISSAN,United States,Barnes Lake-Millers Lake,michigan
36870,2305535,19-Nov-2017 16:34:44,32.6782798767,-83.2229537964,True,WALMART,United States,Jeffersonville,georgia
37231,187266,27-May-2017 03:42:06,42.4072113037,-71.3824386597,False,WALMART,united states,Sudbury,massachusetts
37232,2459127,24-Nov-2017 22:12:59,39.0313110352,-84.48587799069999,True,NISSAN,united states,Wilder,
37397,1701535,19-Oct-2017 11:56:09,26.1415596008,-80.1463699341,False,MCCLATCHY,United States,Fort Lauderdale,
37555,2291945,19-Nov-2017 03:41:10,29.4607105255,-98.5216064453,True,NISSAN,united states,Balcones Heights,texas
37650,471849,06-Jul-2017 13:37:13,38.0,-97.0,False,HP INC.,united states,Peabody,kansas
38048,149811,16-May-2017 17:05:06,-14.2428998947,-54.3877983093,True,AMERICAN AIRLINES,United States,Morton,
38068,516506,14-Jul-2017 04:09:02,53.5264396667,-113.517440796,False,LUFTHANSA,India,Hyderabad,
38267,2517096,26-Nov-2017 22:15:52,40.1432304382,-74.7267074585,True,NISSAN,United States,Tullytown,
38306,1350243,30-Sep-2017 20:46:52,53.1755104065,-8.15202999115,True,T-MOBILE,Ireland,Portumna,
38430,1605371,15-Oct-2017 18:58:42,51.506401062,-0.127210006118,False,MARKS AND SPENCER,United Kingdom,London,maine
38658,1204996,21-Sep-2017 10:20:50,53.45167922970001,-2.73885989189,False,RWE NPOWER,United Kingdom,St Helens,maine
39218,740097,19-Aug-2017 07:09:31,-26.2570896149,27.9235191345,False,ABSA,South Africa,Soweto,
39927,1150964,17-Sep-2017 20:09:41,-0.3616999983789999,-52.1475105286,True,SPORT CLUB CORINTHIANS PAULISTA,Brazil,Mazagão,
40242,561221,20-Jul-2017 22:06:14,30.4213085175,-87.2169113159,False,MCDONALDS,United States,Pensacola,
40381,125667,05-May-2017 08:20:52,-3.31943750381,103.914398193,True,TELKOMSEL,Indonesia,Gunungmegang Dalam,
40650,1165719,18-Sep-2017 16:33:42,50.9127311707,-2.92927002907,True,BEST BUY,United Kingdom,Chard,
41180,2574753,29-Nov-2017 02:55:58,33.7631912231,-84.42305755619998,True,MICROSOFT,United States,Atlanta,georgia
41285,684721,11-Aug-2017 08:16:21,55.9465370178,11.7319612503,True,ADIDAS,Denmark,Nykøbing Sjælland,
41852,1610872,15-Oct-2017 23:25:34,40.0076293945,-75.1339569092,False,NISSAN,united states,Philadelphia,
42545,334165,16-Jun-2017 17:59:06,37.7750015259,-122.418334961,True,T-MOBILE,United States,San Francisco,California
42670,1776133,27-Oct-2017 02:15:26,1.4993799924899998,103.750579834,True,NISSAN,Malaysia,Johor Bahru,
42692,17252,03-Apr-2017 03:58:27,53.9332695007,-116.576499939,False,MCDONALDS,Canada,Edson,alaska
42711,2535087,27-Nov-2017 15:59:40,21.7866001129,82.79476165770001,True,STANDARD BANK,india,Seorīnārāyan,ohio
43366,1365991,04-Oct-2017 14:35:44,40.0851402283,-106.139518738,True,TELKOMSEL,Indonesia,Bandarlampung,colorado
43521,2357517,21-Nov-2017 06:18:03,51.506401062,-0.127210006118,False,LOVEWINS CAMPAIGN,India,Ajra,maine
43525,1460161,10-Oct-2017 05:55:47,40.4214286804,-3.6716299057,True,DNB,spain,Noida,
43539,2316665,19-Nov-2017 23:56:55,-37.8657989502,145.102828979,False,APPLE INC,australia,Bella Vista,maine
43563,1411355,06-Oct-2017 06:22:42,32.7300987244,-117.194999695,False,TIMES OF INDIA,united states,Tirupati,california
43595,1711749,23-Oct-2017 03:14:49,35.219619751,-80.0195465088,False,MCCLATCHY,United States,Mount Gilead,North Carolina
43862,2253403,17-Nov-2017 21:16:27,37.9642529,-91.8318334,False,NISSAN,united states,Independence,missouri
43868,165094,21-May-2017 04:33:32,-24.1975708008,-63.2514686584,True,MICROSOFT,Argentina,Baxter,maine
44152,475756,06-Jul-2017 20:38:32,51.506401062,-0.127210006118,False,T-MOBILE,United Kingdom,Stratford,
44225,1625691,16-Oct-2017 14:02:21,1.36557996273,103.827713013,False,TIMES OF INDIA,singapore,Mumbai,ohio
44361,1346098,30-Sep-2017 16:55:57,27.6648274,-81.5157535,False,TIMES OF INDIA,India,New Delhi,florida
44390,836045,27-Aug-2017 22:56:02,33.7631912231,-84.42305755619998,True,WALMART,united states,Denton,georgia
44424,1282376,27-Sep-2017 20:36:04,17.6177005768,121.728187561,False,TESCO,United Kingdom,Haughton Green,
44944,377023,23-Jun-2017 07:35:55,19.0759830475,72.8776550293,False,WHIRLPOOL,india,Mumbai,ohio
45035,902994,01-Sep-2017 19:46:52,40.6550712585,-73.9488830566,True,BANK OF AMERICA,united states,Byram,new york
45345,404221,27-Jun-2017 13:32:20,-24.9121,133.397995,False,TELSTRA,australia,Alice Springs,ohio
45591,122871,04-May-2017 04:39:08,-33.8641738892,151.20529174799998,False,INFORMATICA,australia,Sydney,maine
45592,1319875,29-Sep-2017 13:43:01,-6.91241979599,107.606910706,True,TELKOMSEL,indonesia,Bandung,ohio
45718,1812896,31-Oct-2017 01:03:31,37.8271789551,-122.291305542,True,TELKOMSEL,united states,Sumenep,california
45946,1102136,14-Sep-2017 22:41:18,51.8400497437,-0.275099992752,False,ALDI,United Kingdom,Wheathampstead,maine
46593,2464528,25-Nov-2017 01:43:35,37.9446182251,-91.7608566284,True,STANDARD BANK,united states,Rolla,missouri
46915,1193171,20-Sep-2017 17:53:49,41.8841514587,-87.63240814209999,True,PEOPLE,united states,Chicago,illinois
46996,2141722,13-Nov-2017 15:15:26,37.167930603,-95.8450164795,True,NISSAN,United States,Independence,kansas
47192,915430,03-Sep-2017 13:48:32,38.2548599243,-85.7664031982,True,NISSAN,united states,Louisville,
47252,1493639,11-Oct-2017 08:08:15,44.36016082760001,2.56445002556,False,NISSAN,France,Rodez,maine
47772,1598220,15-Oct-2017 14:32:01,21.7866001129,82.79476165770001,False,INDIGO,india,Seorīnārāyan,ohio
47883,1535756,13-Oct-2017 03:51:06,19.0902805328,72.8713684082,False,STANDARD BANK,india,Mumbai,
47903,2034912,06-Nov-2017 21:32:56,50.1120796204,8.683409690860001,True,Apple Computer Inc,germany,Frankfurt am Main,maine
47965,1799437,30-Oct-2017 14:38:20,19.6817493439,-101.177238464,True,NISSAN,Mexico,Morelia,texas
48170,611191,27-Jul-2017 02:59:20,39.8430786133,-75.1968078613,False,FEDEX,united states,Mountain View,new jersey
48371,582492,23-Jul-2017 16:00:29,52.5556602478,13.2963047028,True,BRITISH AIRWAYS,Germany,Tegel,michigan
48723,2330128,20-Nov-2017 11:38:37,51.506401062,-0.127210006118,True,LLOYDS TSB BANK PLC,United Kingdom,London,maine
48777,76657,18-Apr-2017 10:26:54,41.6874389648,-93.7903213501,False,MICROSOFT,united states,Rugby,iowa
48993,1371466,04-Oct-2017 18:14:48,13.697429657,-89.19909667969999,False,STANDARD BANK,El Salvador,San Salvador,
49345,2270000,18-Nov-2017 14:15:34,0.109739996493,113.917396545,False,TELKOMSEL,indonesia,Longnawang,
49904,832825,27-Aug-2017 16:25:06,-33.8562812805,151.020965576,True,TIMES OF INDIA,India,Avanoor,
50258,1061082,13-Sep-2017 00:02:10,37.167930603,-95.8450164795,True,APPLE INC,United States,Independence,kansas
50399,2085346,08-Nov-2017 10:55:22,43.6485595703,-79.3853683472,False,Apple Computer Inc,canada,Toronto,michigan
51020,438169,01-Jul-2017 18:19:13,53.381130218500005,-1.4700850248299997,False,QATAR AIRWAYS,united kingdom,Doha,maine
51225,2339783,20-Nov-2017 18:38:00,57.156520843500005,-2.12072992325,True,TESCO,United Kingdom,Aberdeen,
51540,2408520,22-Nov-2017 22:28:28,39.4805984497,-80.1463317871,True,NISSAN,United States,Point Marion,west virginia
51665,867559,30-Aug-2017 08:14:27,-34.0312194824,150.729476929,True,TELSTRA,Australia,Narellan,
52314,1948343,04-Nov-2017 08:48:23,40.6376991272,-77.2738037109,True,NISSAN,United States,Mifflintown,pennsylvania
53280,536807,17-Jul-2017 05:23:08,45.50168991090001,-73.5672531128,True,BAYER,Canada,Montréal,
53606,190301,28-May-2017 16:58:23,33.836081,-81.1637245,False,ADIDAS,United States,Gaston,North Carolina
53960,2266746,18-Nov-2017 09:47:28,40.4428405762,-79.9982910156,True,AVIVA,United States,Pittsburgh,
54417,747503,20-Aug-2017 00:35:37,42.358631134,-71.0567016602,True,FROSTED FLAKES,United States,Boston,
54462,489736,10-Jul-2017 09:43:22,-33.0291595459,27.8545875549,False,MARKS AND SPENCER,South Africa,East London,california
56873,1176103,19-Sep-2017 13:31:01,52.9761810303,7.857840061189999,True,ERICSSON,germany,Friesoythe,maine
56874,1575816,14-Oct-2017 17:53:33,43.0351982117,-76.1392974854,True,APPLE INC,united states,Cortland West,new york
56979,1891007,02-Nov-2017 19:44:35,-3.39494991302,143.232406616,True,Apple Computer Inc,United States,Little Rock,washington
57043,2410437,23-Nov-2017 00:01:55,40.7908592224,-73.9664382935,True,NISSAN,united states,Byram,new york
57312,464045,05-Jul-2017 16:29:57,51.4817276001,-0.613575994968,True,Apple Computer Inc,United Kingdom,Windsor,maine
57632,132636,07-May-2017 12:06:14,-7.09091091156,107.668884277,True,TELKOMSEL,indonesia,Banjaran,ohio
57669,306030,13-Jun-2017 10:36:48,28.613939285300003,77.209022522,True,LEVIS,india,New Delhi,ohio
57744,2175543,14-Nov-2017 19:17:37,33.7631912231,-84.42305755619998,True,WALMART,united states,Atlanta,georgia
57745,203603,01-Jun-2017 00:46:17,27.7172451019,85.3239593506,False,T-MOBILE,Nepal,Kathmandu,ohio
58187,2161556,14-Nov-2017 04:27:39,-7.80000019073,110.366699219,False,TELKOMSEL,indonesia,Yogyakarta,
58295,1487555,11-Oct-2017 00:33:44,26.1364707947,85.8913803101,True,TIMES OF INDIA,India,Darbhanga,
58511,81871,19-Apr-2017 23:23:49,52.3555183411,-1.17431974411,False,METLIFE INSURANCE,united kingdom,Rugby,maine
58695,212720,02-Jun-2017 06:00:29,-29.0,24.0,False,STANDARD BANK,South Africa,Douglas,
59351,2333868,20-Nov-2017 15:21:54,28.6073303223,77.2035064697,True,TIMES OF INDIA,india,New Delhi,ohio
59413,870046,30-Aug-2017 14:21:41,51.4812698364,-3.18072009087,True,MCDONALDS,United Kingdom,Cardiff,maine
59415,1899019,02-Nov-2017 23:41:13,49.2128295898,-2.13316988945,False,MICROSOFT - WINDOWS 10,jersey,Saint Helier,maine
60031,2155599,14-Nov-2017 00:27:02,39.7661781311,-86.4410476685,True,ADIDAS,United States,Avon,
60246,2396902,22-Nov-2017 14:20:35,35.7893295288,-78.78117370609999,False,MCCLATCHY,United States,Cary,
60320,1942235,04-Nov-2017 03:45:09,40.7145500183,-74.0071182251,True,Apple Computer Inc,united states,Byram,
60477,1744675,25-Oct-2017 17:37:07,38.6386184692,-90.426902771,True,NISSAN,Canada,Frontenac,
60909,1655220,17-Oct-2017 13:05:42,41.5047492981,-81.6907196045,True,@AT&T,united states,Montrose-Ghent,ohio
61153,1847985,01-Nov-2017 09:22:00,51.3147583008,-0.559950113297,True,POSTNL,Netherlands,Maarn,
61657,1032553,11-Sep-2017 19:13:16,32.6782798767,-83.2229537964,False,VERIZON,united states,Jeffersonville,georgia
61666,785608,22-Aug-2017 23:02:37,27.9860801697,-80.6628875732,True,MOHAWK,United States,West Melbourne,
61770,127980,05-May-2017 18:47:08,48.5807189941,-3.82312011719,False,EA - FIFA,India,Ambad,
61829,219292,03-Jun-2017 01:45:43,37.167930603,-95.8450164795,False,MORGAN STANLEY,United States,Windsor,kansas
62028,51795,11-Apr-2017 14:01:31,52.3555183411,-1.17431974411,False,RWE NPOWER,United Kingdom,Rugby,
62160,1049756,12-Sep-2017 18:23:46,40.7145500183,-74.0071182251,True,ELECTRONIC ARTS,United States,Byram,new jersey
62310,1635740,16-Oct-2017 20:23:00,-28.4793300629,24.6799297333,True,@AT&T,United States,Seattle,
62315,2160707,14-Nov-2017 03:51:46,11.441610336300002,76.6284866333,False,TELKOMSEL,Indonesia,Bandung,
62879,1644000,17-Oct-2017 01:47:18,21.7866001129,82.79476165770001,True,BOEING,United Kingdom,Salfords,ohio
62942,423408,29-Jun-2017 18:39:08,15.0259103775,76.3368911743,False,TESCO,United Kingdom,Newcastle upon Tyne,
62951,2217225,15-Nov-2017 23:41:34,40.547668457,-75.556892395,True,@AT&T,United States,Louisville,
62963,133641,08-May-2017 14:49:31,37.167930603,-95.8450164795,False,GSK,United States,Fearrington Village,
63046,2427987,23-Nov-2017 16:44:36,32.9545669556,-97.015007019,True,NISSAN,United States,Lebanon Junction,texas
63049,1539290,13-Oct-2017 08:59:50,56.6528587341,-3.99667000771,True,TELKOMSEL,Indonesia,Purwodadi,
63211,1654183,17-Oct-2017 11:15:47,32.8749008179,-97.0435028076,False,TELKOMSEL,united states,Longnawang,texas
63231,2575613,29-Nov-2017 03:52:50,39.7400016785,-104.991996765,True,T-MOBILE,united states,Denver,colorado
63232,2240503,17-Nov-2017 13:25:09,54.3140716553,-2.23001003265,False,TELKOMSEL,united kingdom,Kirkby Stephen,
63846,1357986,04-Oct-2017 00:05:29,-37.8657989502,145.102828979,True,TELSTRA,Australia,Ashwood,
64085,205311,01-Jun-2017 08:07:31,33.5583114624,-112.080749512,True,RWE NPOWER,United Kingdom,London,
64465,980010,08-Sep-2017 00:06:51,43.4870796204,-112.035430908,True,TIMES OF INDIA,India,Chotila,
64665,1716572,23-Oct-2017 11:29:31,40.0076293945,-75.1339569092,False,MCCLATCHY,United States,Philadelphia,Pennsylvania
64732,808482,24-Aug-2017 21:35:36,57.8239402771,-5.6684398651100025,True,TESCO,United Kingdom,Portree,
64915,1771617,26-Oct-2017 23:24:30,36.7782592773,-119.417930603,True,NISSAN,united states,Elk Point,california
64916,471980,06-Jul-2017 13:57:32,42.5646781921,-96.709487915,True,QUEST DIAGNOSTICS,United States,Peabody,nebraska
65071,2112821,09-Nov-2017 13:03:28,52.8835601807,-1.9740600585900003,True,NISSAN,United Kingdom,Cheadle,
65096,1788918,27-Oct-2017 23:33:16,51.506401062,-0.127210006118,False,LEGO,United Kingdom,London,
65436,1311629,29-Sep-2017 01:48:37,53.1494903564,-3.0469100475300004,False,IKEA,United Kingdom,Penyffordd,
65479,2123887,09-Nov-2017 22:00:25,52.6369590759,-1.12904000282,True,PHILIPS,United Kingdom,Leicester,
65758,1195290,20-Sep-2017 20:02:25,56.95468139649999,-98.3089675903,False,Apple Computer Inc,Canada,Thompson,
66234,699271,14-Aug-2017 19:07:01,50.4801139832,2.7937264442400003,False,ALDI,United Kingdom,Leigh,
66401,1447029,09-Oct-2017 17:03:22,54.9778900146,-1.61161994934,True,EMIRATES,United Kingdom,Newcastle upon Tyne,
66424,928578,04-Sep-2017 17:32:27,28.6073303223,77.2035064697,True,TIMES OF INDIA,India,New Delhi,
66929,885547,31-Aug-2017 17:34:36,42.7987213135,-8.01620960236,False,HEINEKEN,Spain,Santiso,maine
67324,181928,25-May-2017 18:13:32,32.970983399999994,-96.7071453,True,T-MOBILE,united states,Garland,texas
67401,850554,29-Aug-2017 04:46:36,19.0902805328,72.8713684082,False,FOSSIL,india,Mumbai,ohio
68683,119498,03-May-2017 14:50:25,45.8932228088,1.56960177422,False,C&A,france,Sauviat-sur-Vige,maine
69820,1979619,05-Nov-2017 04:55:38,30.8959407806,75.8213577271,False,NISSAN,India,Ludhiāna,
69833,647090,31-Jul-2017 05:35:36,36.3134384155,-82.3534698486,False,MCDONALDS,United States,Johnson City,tennessee
69843,1607268,15-Oct-2017 20:27:33,37.2718811035,-119.270233154,False,SPORTS ILLUSTRATED,United States,Auberry,california
70007,2416225,23-Nov-2017 04:32:51,21.1426906586,79.0798416138,False,JET AIRWAYS,India,Nagpur,
70153,953490,06-Sep-2017 15:25:41,52.088928222700005,5.11539983749,True,NIKE,Netherlands,Utrecht,maine
70318,649355,31-Jul-2017 11:31:31,-33.9166679382,18.4166660309,True,STANDARD BANK,South Africa,Cape Town,
70539,2469876,25-Nov-2017 05:59:38,-7.84547996521,110.924911499,False,TELKOMSEL,Indonesia,Selogiri,
70645,621388,28-Jul-2017 19:53:11,-26.2707593,28.1122679,False,TESCO,United Kingdom,Sacriston,
71766,1170157,18-Sep-2017 20:41:52,-1.27020001411,36.8041381836,True,LUFTHANSA,Kenya,Nairobi,
72888,18242,03-Apr-2017 12:02:33,-26.2707593,28.1122679,False,UBER,South Africa,Germiston,ohio
72976,1461782,10-Oct-2017 08:04:37,6.75785017014,73.1547622681,True,TIMES OF INDIA,Maldives,Dhidhdhoo,ohio
73149,204779,01-Jun-2017 05:43:06,-29.0,24.0,False,EMIRATES,south africa,Douglas,california
73210,2054068,07-Nov-2017 13:39:32,10.4344301224,-61.4180793762,False,MARKS AND SPENCER,Trinidad and Tobago,Couva,alaska
73358,271056,06-Jun-2017 18:05:17,45.5230636597,-122.676483154,True,SHELL,United States,Portland,
74001,1389863,05-Oct-2017 09:10:24,20.8143501282,55.8592605591,False,SHELL,oman,Haymā’,indiana
74194,47662,10-Apr-2017 14:56:04,56.490673065200006,-4.20264577866,False,ASDA,united kingdom,Callander,maine
74338,649235,31-Jul-2017 11:10:29,-24.9121,133.397995,True,MCDONALDS,australia,Alice Springs,ohio
74382,1579638,14-Oct-2017 20:47:46,35.8262405396,-80.2507171631,True,NISSAN,united states,Lexington,north carolina
74908,1864012,01-Nov-2017 21:36:54,24.8897800446,67.0285110474,False,ABBOTT LABS,Pakistan,Karachi,
74948,881578,31-Aug-2017 11:25:05,46.0083999634,8.950610160830001,True,HCL,switzerland,Massagno,
75341,581356,23-Jul-2017 13:02:31,52.5556602478,13.2963047028,True,BRITISH AIRWAYS,germany,Tegel,
75428,2100515,08-Nov-2017 22:51:50,0.109739996493,113.917396545,False,TELKOMSEL,indonesia,Longnawang,ohio
75832,1366345,04-Oct-2017 14:49:40,33.9852790833,-117.191139221,True,NISSAN,United States,Moreno Valley,California
76374,2343001,20-Nov-2017 20:23:30,40.0583238,-74.40566120000003,False,MICROSOFT - WINDOWS 10,united states,Gorno Orizari,
76525,747573,20-Aug-2017 00:41:28,35.3620986938,-86.21173858639999,True,NIKE,United Kingdom,London,tennessee
76628,1450757,09-Oct-2017 20:12:20,40.7145500183,-74.0071182251,False,IKEA,United States,Truro,new jersey
76712,1778764,27-Oct-2017 04:41:25,36.00584439067798,-86.63783444213223,False,NISSAN,United States,Eden,tennessee
76995,1124033,15-Sep-2017 22:04:57,49.3842582703,-84.7562713623,True,SMIRNOFF,Canada,Hornepayne,michigan
77495,1254750,26-Sep-2017 01:33:46,33.771049499499995,-84.2974395752,False,NISSAN,united states,Cary,georgia
77672,2320277,20-Nov-2017 01:34:18,32.5976982117,-114.544570923,True,NISSAN,united states,Fortuna Foothills,arizona
77905,1718508,23-Oct-2017 13:37:16,-7.7900500297500015,110.363197327,False,TELKOMSEL,Indonesia,Yogyakarta,ohio
77909,1435247,08-Oct-2017 08:52:17,21.7866001129,82.79476165770001,False,JET AIRWAYS,india,Seorīnārāyan,
78079,1166295,18-Sep-2017 17:04:42,55.8578300476,-4.24250984192,False,TIMES OF INDIA,United Kingdom,Rutherglen,maine
78547,1578792,14-Oct-2017 20:01:21,51.3020095825,-1.82323002815,True,NISSAN,united kingdom,Rushall,
78712,698065,14-Aug-2017 11:23:43,51.287380218500005,6.78028011322,False,MARKS AND SPENCER,United Kingdom,City of Westminster,maine
79612,1491871,11-Oct-2017 04:26:48,50.4433708191,-104.3644104,True,SPORTS ILLUSTRATED,Canada,White City,
79803,215102,02-Jun-2017 15:29:42,25.761680603,-80.1917877197,False,T-MOBILE,united states,Miami,florida
79907,1925769,03-Nov-2017 18:41:27,41.5401992798,-83.0636291504,False,NISSAN,Canada,Amherstburg,
79924,1622597,16-Oct-2017 10:05:55,23.0308094025,72.5917510986,True,FEDEX,india,Ahmedabad,ohio
79936,1440678,09-Oct-2017 10:35:43,52.6369590759,-1.12904000282,True,EURO WINGS,united kingdom,Leicester,
80104,870402,30-Aug-2017 14:48:38,21.7866001129,82.79476165770001,True,HDFC BANK,India,Seorīnārāyan,
80293,2358998,21-Nov-2017 08:04:19,51.5404014587,0.705139994621,False,ALDI,United Kingdom,Southend-on-Sea,
80315,33381,06-Apr-2017 16:54:09,15.912899971,79.7399902344,False,LENOVO,India,Vinukonda,
80452,1134783,16-Sep-2017 16:37:58,28.5631599426,77.3674087524,False,HDFC BANK,India,Noida,
80625,2499018,26-Nov-2017 05:16:15,-37.8657989502,145.102828979,True,NISSAN,Australia,Ashwood,maine
80806,2481982,25-Nov-2017 18:04:57,29.74386978150001,-98.6405105591,False,BEST BUY,United States,Fair Oaks Ranch,
81204,151517,17-May-2017 00:23:51,19.4326076508,-99.1332092285,False,AMERICAN AIRLINES,Mexico,Mexico City,texas
81264,1238706,25-Sep-2017 13:03:36,37.4875984192,139.838287354,True,NISSAN,japan,Kitakata,
81431,935321,05-Sep-2017 03:56:05,52.505241394,-1.81531000137,True,TIMES OF INDIA,India,Bangalore,
81551,2120614,09-Nov-2017 19:11:41,32.831699371300004,-117.122001648,False,NISSAN,United States,Austin,california
81645,340728,17-Jun-2017 15:28:45,54.9966125488,-7.30857467651,False,BRITISH AIRWAYS,United Kingdom,Londonderry County Borough,
81838,1061100,13-Sep-2017 00:02:32,41.040851593,28.9861793518,False,APPLE INC,Turkey,Şişli,
81981,876815,31-Aug-2017 00:06:46,-37.8657989502,145.102828979,True,SINGTEL OPTUS,Australia,Ashwood,
82428,2531312,27-Nov-2017 11:38:11,48.1099090576,-1.67324995995,False,NISSAN,France,Rennes,maine
82786,1137259,16-Sep-2017 19:49:27,6.43917989731,3.42348003387,False,PEAKMILK,Nigeria,Lagos,
83378,1103222,14-Sep-2017 23:36:37,51.506401062,-0.127210006118,True,MICROSOFT - WINDOWS PHONE,United Kingdom,London,
83412,1131139,16-Sep-2017 10:28:23,44.9364204407,7.53988981247,True,PEOPLE,italy,Lake Mary,
83953,2107158,09-Nov-2017 04:25:03,10.547369957,76.1382369995,False,APPLE INC,India,Avanoor,
84026,1982921,05-Nov-2017 08:23:51,56.6528587341,-3.99667000771,False,ALDI,united kingdom,Aberfeldy,maine
84513,1274858,27-Sep-2017 16:26:03,52.3731193542,4.89318990707,True,DELOITTE,Netherlands,Amsterdam,maine
84535,718034,17-Aug-2017 07:40:35,44.4342002869,26.1029701233,True,CARLSBERG,Romania,Bucharest,
84629,1337783,30-Sep-2017 06:55:23,-36.9131011963,174.667007446,False,PHILIPS,New Zealand,Waitakere,
85069,1312287,29-Sep-2017 02:42:26,43.6485595703,-79.3853683472,False,MICROSOFT,Canada,Toronto,
85792,1348429,30-Sep-2017 18:49:54,55.9780311584,-3.1628599166900004,True,MARKS AND SPENCER,United Kingdom,Seafield,
85843,62609,13-Apr-2017 22:24:14,40.2671928406,-86.1349029541,True,AMERICAN AIRLINES,United States,Tipton,indiana
86080,1627387,16-Oct-2017 15:04:53,25.2092895508,84.9840087891,False,MICROSOFT - WINDOWS 10,India,Jahānābād,
86420,518994,14-Jul-2017 13:38:11,52.3021888733,1.36716997623,False,TESCO,United Kingdom,Saxmundham,
86880,1327959,29-Sep-2017 19:24:47,18.3591499329,-66.1122894287,True,AMERICAN AIRLINES,United States,Guaynabo,
87014,2053373,07-Nov-2017 13:16:03,35.8307304382,-85.9787368774,True,NISSAN,United States,Woodbury,
87071,1369416,04-Oct-2017 16:45:23,53.5784492493,-2.42667007446,True,TESCO,United Kingdom,Bolton,
87074,1022138,11-Sep-2017 02:25:10,42.968948364300005,-85.6366577148,False,LEVIS,China,Comstock Northwest,
87634,622989,28-Jul-2017 21:32:41,51.5,-0.116667002439,True,HSBC,United Kingdom,City of Westminster,maine
87676,1725391,23-Oct-2017 17:13:48,0.109739996493,113.917396545,False,TELKOMSEL,Indonesia,Longnawang,ohio
87823,276162,06-Jun-2017 21:33:36,37.4200515747,-122.175064087,True,C&A,United States,Stanford,california
88237,2064572,07-Nov-2017 18:58:38,51.7506713867,-3.37577009201,True,PEOPLE,united kingdom,Tullytown,maine
88242,1920781,03-Nov-2017 16:27:53,51.2787055969,0.521725416183,True,T-MOBILE,United States,Denver,maine
88308,2084647,08-Nov-2017 10:08:56,35.3091392517,-98.5210189819,True,TESCO,United Kingdom,Rickmansworth,
88312,1292181,28-Sep-2017 05:17:10,52.3025016785,4.688889980319999,True,NISSAN,United States,Norman,maine
88554,209309,01-Jun-2017 19:02:05,25.7738895416,-80.19388580319999,True,BANK OF AMERICA,United States,Miami,florida
88572,337081,17-Jun-2017 00:42:24,34.167881,-111.930702,False,T-MOBILE,United States,Cordes Lakes,
88979,1817385,31-Oct-2017 10:31:25,-6.256080150599999,106.808998108,False,TELKOMSEL,Indonesia,Jakarta,
89076,434241,01-Jul-2017 02:43:42,37.090000152600005,95.7099990845,False,MCDONALDS,China,Xitieshan,
89502,1914859,03-Nov-2017 13:42:17,54.9963989258,-1.43052005768,True,Apple Computer Inc,United Kingdom,South Shields,maine
89693,561084,20-Jul-2017 21:42:54,-15.7997655869,-47.8644714355,True,BRITISH AIRWAYS,brazil,Brasília,
90016,1230591,22-Sep-2017 16:52:10,40.5252189636,-3.81606006622,True,NISSAN,spain,El Pardo,Rhode Island
90199,303089,12-Jun-2017 21:54:31,55.9541511536,-3.202769994740001,False,KOHL'S,United States,Hollywood,maine
90440,1138564,16-Sep-2017 21:50:28,-14.2428998947,-54.3877983093,True,AZUL AIRLINES,Brazil,Poxoréo,
90522,2200799,15-Nov-2017 11:31:55,40.7145500183,-74.0071182251,True,APPLE COMPUTERS INC.,united states,Byram,new jersey
90569,1619902,16-Oct-2017 05:55:49,52.1082000732,5.32986021042,True,POSTNL,netherlands,Maarn,
90597,2304228,19-Nov-2017 15:50:21,-26.2049407959,28.0400295258,True,UBER,South Africa,Johannesburg,
90840,1965602,04-Nov-2017 20:39:06,37.7473983765,-122.439216614,True,Apple Computer Inc,United States,San Francisco,california
90923,750373,20-Aug-2017 11:33:44,-33.0154190063,27.9040298462,True,ALDI,South Africa,East London,california
91695,1733722,25-Oct-2017 09:45:26,30.7186794281,76.7821884155,True,HCL,India,Chandigarh,
91707,2251846,17-Nov-2017 20:17:28,26.1415596008,-80.1463699341,False,NISSAN,United States,Fort Lauderdale,
92321,2471365,25-Nov-2017 07:26:19,48.2025413513,16.3687992096,False,NISSAN,Austria,Vienna,michigan
92359,1620944,16-Oct-2017 07:31:09,6.6871099472000015,-1.62196004391,False,INFOSYS,Ghana,Kumasi,alaska
92622,718828,17-Aug-2017 10:36:49,13.560500145,78.50150299069999,True,TIMES OF INDIA,India,Madanapalle,ohio
92818,1004020,09-Sep-2017 16:32:14,51.506401062,-0.127210006118,True,BRITISH AIRWAYS,United Kingdom,London,
92864,1435710,08-Oct-2017 16:52:01,-11.6515798569,43.3599700928,False,LEGO,Comoros,Mtsamdou,
93910,1748660,25-Oct-2017 20:03:44,40.3315086365,-79.67598724369998,True,NISSAN,United States,Manor,pennsylvania
94015,353113,19-Jun-2017 15:55:24,30.2265949249,-93.217376709,False,MORGAN STANLEY,united states,Lake Charles,louisiana
94310,1458564,10-Oct-2017 03:51:30,0.109739996493,113.917396545,True,TELKOMSEL,Indonesia,Longnawang,ohio
94553,1977783,05-Nov-2017 03:46:21,56.95468139649999,-98.3089675903,True,LOVEWINS CAMPAIGN,canada,Thompson,alaska
94688,2004856,05-Nov-2017 22:40:50,42.1166992188,-80.0731430054,True,NISSAN,United States,Lawrence Park,Pennsylvania
94743,2576955,29-Nov-2017 05:48:15,34.969669342,99.8190536499,False,TIMES OF INDIA,Taiwan,Xueshan,
94777,2027760,06-Nov-2017 17:27:52,6.472789764400001,-66.5890426636,False,MCCLATCHY,Colombia,Puerto Carreño,
95285,1928374,03-Nov-2017 20:07:51,-27.0306091309,-65.3202972412,True,TELKOMSEL,Indonesia,Bella Vista,
95528,950481,06-Sep-2017 10:22:28,20.9013004303,105.638000488,True,ADIDAS,Vietnam,Chúc Sơn,hawaii
95817,1452611,09-Oct-2017 22:09:36,44.2993507385,-78.33042144779999,True,Apple Computer Inc,Canada,Peterborough,new york
96032,2316284,19-Nov-2017 23:40:34,41.2658996582,-76.9879989624,True,NISSAN,united states,Williamsport,pennsylvania
96929,2509637,26-Nov-2017 16:33:21,39.8014717102,-75.06661224369998,True,NISSAN,United States,Blackwood,
97055,875368,30-Aug-2017 21:31:54,27.9672203064,-82.4759368896,True,AMERICAN AIRLINES,United States,Tampa,
97199,20615,04-Apr-2017 00:24:34,36.7782592773,-119.417930603,False,CISCO,United States,Minkler,
97573,535759,16-Jul-2017 22:42:17,41.2033233643,-77.1945266724,False,ADIDAS,united states,Williamsport,
97686,1698559,18-Oct-2017 22:35:54,41.2380981445,16.502700805699998,True,Apple Computer Inc,Italy,Bisceglie,
97853,1488173,11-Oct-2017 00:51:53,40.1903305054,-82.66947174069999,False,SPORTS ILLUSTRATED,United States,Granville South,
97874,1810267,30-Oct-2017 23:36:25,34.2740211487,-92.1001815796,True,NISSAN,United States,White Hall,arkansas
98024,2336489,20-Nov-2017 16:53:12,-1.27020001411,36.8041381836,True,MICROSOFT,Kenya,Nairobi,
98591,977410,07-Sep-2017 21:48:42,19.0902805328,72.8713684082,True,AMERICAN AIRLINES,India,Bangalore,ohio
98650,1152865,17-Sep-2017 22:06:02,36.1699409485,-115.139831543,True,TIMES OF INDIA,India,Gurgaon,nevada
98776,1510520,12-Oct-2017 00:01:21,51.506401062,-0.127210006118,True,NISSAN,United Kingdom,London,
99157,284790,09-Jun-2017 20:33:18,55.953250885,-3.1882669925700005,True,BRITISH AIRWAYS,United Kingdom,Seafield,
99227,1712807,23-Oct-2017 07:37:14,53.79479980470001,-1.5465300083200002,False,ALDI,united kingdom,Leeds,maine
99610,2443801,24-Nov-2017 07:45:59,-33.8562812805,151.020965576,False,WOOLWORTHS,Australia,Lidcombe,
99824,2250397,17-Nov-2017 19:17:17,23.0308094025,72.5917510986,True,NISSAN,India,Ahmedabad,ohio
100231,442196,02-Jul-2017 13:07:33,-33.9003982544,151.206634521,False,TELSTRA,australia,Alexandria,
100379,1611874,16-Oct-2017 00:06:42,0.109739996493,113.917396545,False,TELKOMSEL,indonesia,Longnawang,
100396,1826482,31-Oct-2017 16:53:50,42.4712409973,20.7889003754,False,STANDARD BANK,Serbia,Mališevo,california
100631,2161254,14-Nov-2017 04:15:52,0.109739996493,113.917396545,False,TELKOMSEL,Indonesia,Longnawang,
100677,564097,21-Jul-2017 06:22:19,46.6135215759,7.043612957000001,True,UBISOFT,Switzerland,Bulle,maine
100755,1084803,14-Sep-2017 02:30:22,20.1904792786,84.4399719238,True,TIMES OF INDIA,india,Udaigiri,ohio
100977,661779,02-Aug-2017 08:21:43,51.492206573500006,-0.223288103938,True,BRITISH AIRWAYS,united kingdom,Kensington,
101340,869413,30-Aug-2017 13:23:42,60.511390686000006,11.2490196228,True,MICROSOFT - WINDOWS 10,Norway,Eidsvoll,ohio
101381,2575850,29-Nov-2017 04:10:13,-27.0306091309,-65.3202972412,False,LOVEWINS CAMPAIGN,argentina,Bella Vista,
101428,2260366,18-Nov-2017 02:11:38,37.167930603,-95.8450164795,True,IKEA,United States,Independence,kansas
102567,2450373,24-Nov-2017 16:00:08,40.0076293945,-75.1339569092,False,NISSAN,United States,Philadelphia,pennsylvania
102768,2013323,06-Nov-2017 05:33:57,51.4986991882,4.28260993958,False,NISSAN,Netherlands,Bergen op Zoom,
102987,1893747,02-Nov-2017 21:00:09,-1.78155994415,-78.1066665649,True,NISSAN,ecuador,Palora,north carolina
103233,1258689,26-Sep-2017 05:33:47,47.3842697144,8.529589653019999,True,SWISS AIRLINE,switzerland,Zürich (Kreis 5) / Gewerbeschule,
104032,1012419,10-Sep-2017 11:20:58,36.236530304,139.918228149,False,APPLE INC,Japan,Yūki,
104295,354630,19-Jun-2017 19:30:17,29.760427475,-95.3698043823,False,MEDTRONIC,United States,Houston,Texas
104729,761318,21-Aug-2017 11:46:08,52.8835601807,-1.9740600585900003,False,PRIMARK,United Kingdom,Cheadle,
105316,1387963,05-Oct-2017 06:28:20,21.7866001129,82.79476165770001,False,JET AIRWAYS,india,Seorīnārāyan,
105361,1788654,27-Oct-2017 18:37:46,38.3850784302,-0.767799973488,False,LEGO,spain,Novelda,rhode island
105843,1134684,16-Sep-2017 16:30:39,46.0360603333,8.769490242,False,ISRO,India,Agra,
106935,1381599,05-Oct-2017 00:31:02,46.2739105225,-119.273719788,True,NISSAN,united states,Richland,washington
107363,346278,18-Jun-2017 14:41:00,51.1302146912,4.57150936127,False,MICROSOFT - WINDOWS 10,belgium,Lier,maine
107583,2333974,20-Nov-2017 15:25:37,39.3009681702,-76.6106109619,True,NISSAN,United States,Baltimore,maryland
108434,433707,01-Jul-2017 00:41:59,51.7612037659,-1.24646735191,True,TESCO,united kingdom,Oxford,maine
108805,1914705,03-Nov-2017 13:37:19,21.7866001129,82.79476165770001,True,TIMES OF INDIA,India,Seorīnārāyan,
108881,1134467,16-Sep-2017 16:16:30,19.0902805328,72.8713684082,False,TIMES OF INDIA,India,Mumbai,
109022,444380,02-Jul-2017 19:59:19,26.228515625,50.5860481262,False,APPLE INC,Bahrain,Manama,california
110046,1319158,29-Sep-2017 13:19:36,33.7631912231,-84.42305755619998,True,MCDONALDS,United States,Atlanta,
110481,623647,28-Jul-2017 23:10:39,29.8635253906,-95.4745635986,False,NIKE,United States,Hudson,
110865,1207251,21-Sep-2017 14:32:15,26.2796993256,73.0264205933,False,TIMES OF INDIA,India,Jodhpur,ohio
110913,1144845,17-Sep-2017 10:24:34,52.20980072020001,0.111469998956,False,TESCO,United Kingdom,Cambridge,
111352,2528710,27-Nov-2017 08:34:02,39.766910553,-86.1499633789,True,NISSAN,United States,Indianapolis,indiana
111421,1483689,10-Oct-2017 21:51:10,34.0522232056,-118.242774963,False,PROCTER & GAMBLE,United States,Pine Castle,california
111445,959521,06-Sep-2017 22:32:26,-6.34684991837,108.358558655,False,T-MOBILE,indonesia,Dayton,ohio
111470,463250,05-Jul-2017 14:59:05,27.6648274,-81.5157535,False,ROYAL SUNDARAM,united states,Kolkata,florida
111539,2258256,18-Nov-2017 00:38:38,59.3203811646,17.9995594025,True,KRAFT FOODS INC,sweden,Jeffersonville,michigan
111742,1599577,15-Oct-2017 15:19:02,0.109739996493,113.917396545,True,TELKOMSEL,Indonesia,Longnawang,
111806,147005,15-May-2017 22:57:02,34.167881011999995,-111.930702209,True,HENKLE,united states,Rugby,
111862,11614,01-Apr-2017 08:49:47,-27.0306091309,-65.3202972412,True,QATAR AIRWAYS,Australia,Mount Isa,
111865,1880969,02-Nov-2017 13:48:08,36.5690498352,-87.34236907959999,True,TIMES OF INDIA,India,Kolkata,
111879,1592871,15-Oct-2017 07:51:59,54.9778900146,-1.61161994934,False,TESCO,united kingdom,Newcastle upon Tyne,maine
112336,2122083,09-Nov-2017 20:25:01,53.430538,-2.94747,True,APPLE INC,united kingdom,Toronto,maine
112710,826491,26-Aug-2017 22:48:43,-14.2428998947,-54.3877983093,False,SPORT CLUB CORINTHIANS PAULISTA,brazil,Poxoréo,
112758,1493401,11-Oct-2017 07:44:30,48.2025413513,16.3687992096,True,APPLE INC,austria,Vienna,
112916,1297492,28-Sep-2017 13:42:47,29.7754192352,-95.3818893433,False,BEST BUY,united states,Houston,texas
113509,915258,03-Sep-2017 13:18:49,53.386711120600005,-2.34917998314,True,HARIBO,United Kingdom,Altrincham,maine
114274,276084,06-Jun-2017 20:38:59,38.8950004578,-77.0366668701,False,BRITISH AIRWAYS,United States,"Washington, D. C.",
114793,609184,26-Jul-2017 21:31:15,45.5230636597,-122.676483154,True,FEDEX,United States,Portland,oregon
114897,847467,28-Aug-2017 23:09:32,3.43863010406,-76.5170135498,True,VERIZON,Colombia,Cali,
115619,2554465,28-Nov-2017 10:33:03,2.51670002937,102.166702271,False,TELKOMSEL,malaysia,Tampin,ohio
115673,1683117,18-Oct-2017 10:03:47,-6.59076023102,106.792251587,True,INFOSYS,Indonesia,Bogor,ohio
115747,1219383,22-Sep-2017 03:20:01,27.9757995605,-81.5410614014,True,SPORTS ILLUSTRATED,united states,Lake Wales,florida
115959,881832,31-Aug-2017 11:58:43,42.3793983459,-76.86740112300001,False,VERIZON,united states,Horseheads North,new york
116255,224699,03-Jun-2017 22:50:53,51.1821365356,16.6603393555,False,TESCO,Poland,Szczepanów,michigan
116653,999752,09-Sep-2017 05:05:03,21.4576702118,-157.971389771,False,APPLE INC,United States,Mililani Town,hawaii
117092,1306682,28-Sep-2017 21:09:55,29.7754192352,-95.3818893433,True,TESCO,United Kingdom,Wheathampstead,texas
117101,1875640,02-Nov-2017 06:00:04,36.1162605286,-97.0586624146,True,NISSAN,Ecuador,Palora,
117178,1258247,26-Sep-2017 04:53:34,-6.92647981644,107.525863647,True,TELKOMSEL,Indonesia,Cimahi,
117183,601207,25-Jul-2017 18:02:08,55.953250885,-3.1882669925700005,False,TESCO,united kingdom,Seafield,maine
117673,1263887,27-Sep-2017 00:24:06,32.6965713501,-103.128211975,True,NISSAN,Kenya,Nairobi,new mexico
117763,1482256,10-Oct-2017 20:53:22,35.0526199341,-94.6248779297,True,NISSAN,United States,Poteau,oklahoma
117792,2547425,28-Nov-2017 02:25:44,0.109739996493,113.917396545,False,TELKOMSEL,Indonesia,Longnawang,
117845,1308566,28-Sep-2017 23:11:12,4.1164097785900005,-72.9585266113,False,NISSAN,Colombia,Puerto López,
118567,558593,20-Jul-2017 16:10:18,51.7343330383,0.469088792801,True,MARKS AND SPENCER,United Kingdom,Chelmsford,maine
118588,1823672,31-Oct-2017 15:26:31,42.8961982727,-78.8759994507,True,T-MOBILE,Canada,Fort Erie,
118676,2362555,21-Nov-2017 11:25:58,51.8853111267,0.90351998806,False,BTTV,United Kingdom,Irvine,
118988,1367274,04-Oct-2017 15:23:01,40.8608016968,-73.363899231,False,T-MOBILE,United States,Setauket-East Setauket,New York
119328,622178,28-Jul-2017 21:03:42,34.0522003174,-118.242996216,True,NIKE,united states,Los Angeles,
119641,2261717,18-Nov-2017 03:22:37,47.6965103149,13.3457698822,True,NISSAN,Germany,Hintersee,
120128,2099233,08-Nov-2017 21:36:21,21.4809207916,-157.952545166,True,NISSAN,United States,Mililani Town,hawaii
120367,2490742,26-Nov-2017 00:00:01,51.4986991882,4.28260993958,False,NISSAN,Netherlands,Bergen op Zoom,
120453,997037,08-Sep-2017 23:36:41,0.109739996493,113.917396545,True,H&M,Indonesia,Longnawang,
120486,323242,15-Jun-2017 15:22:23,38.8950004578,-77.0366668701,False,THE HOME DEPOT,United States,"Washington, D. C.",maryland
121423,1537732,13-Oct-2017 06:43:10,34.0535011292,-118.245002747,True,MICROSOFT - WINDOWS 10,united states,London,
121473,1573881,14-Oct-2017 17:01:15,54.3140716553,-2.23001003265,True,NISSAN,United Kingdom,Granville South,
121706,1626516,16-Oct-2017 14:31:22,12.9775400162,77.5995101929,False,Apple Computer Inc,India,Bangalore,
122341,589623,24-Jul-2017 13:00:44,42.2695198059,-71.6161270142,True,CISCO,united states,Northborough,massachusetts
122505,33233,06-Apr-2017 16:28:22,41.5911598206,1.52086234093,False,ADIDAS,Spain,Jorba,maine
122834,332824,16-Jun-2017 15:14:58,45.780842,4.92184,False,H&M,france,Vaulx-en-Velin,
123427,709331,16-Aug-2017 14:40:14,-36.6147575378,-64.2839202881,False,LAWA,Australia,Rialto,
123441,1541653,13-Oct-2017 11:56:00,55.7416381836,37.6050605774,False,POSTNL,Netherlands,Maarn,
123575,1727866,24-Oct-2017 15:37:37,50.9555282593,-0.139190003276,False,LEGO,United Kingdom,Burgess Hill,maine
123722,2571824,28-Nov-2017 23:33:38,-24.6713905334,-59.954208374,False,PMI IQOS,Argentina,Estanislao del Campo,
124184,1858254,01-Nov-2017 17:32:39,39.9891395569,-82.9853286743,True,NISSAN,United States,Columbus,Ohio
124369,2203838,15-Nov-2017 14:43:34,-4.0530500412,39.6728515625,False,MICROSOFT,Kenya,Mombasa,
124485,2531835,27-Nov-2017 13:07:59,-12.1178503036,-77.0354919434,True,TOMMYHILFIGER,peru,San Isidro,
124505,1843268,01-Nov-2017 03:31:04,-33.8562812805,151.020965576,True,NISSAN,Australia,Lidcombe,maine
124738,1449841,09-Oct-2017 19:20:37,41.6713104248,-86.16758728030001,True,MCDONALDS,United States,Thompson,indiana
124966,102208,26-Apr-2017 17:56:52,45.50168991090001,-73.5672531128,True,AHOLD,Netherlands,Goes,
125320,1467950,10-Oct-2017 14:53:16,56.95468139649999,-98.3089675903,False,PEOPLE,Canada,Thompson,
125508,1980716,05-Nov-2017 05:59:34,53.72832870479999,-2.24131989479,True,CITIBANK,united kingdom,Bacup,maine
125732,2382429,22-Nov-2017 00:25:22,31.8498306274,-106.437187195,True,T-MOBILE,united states,Los Angeles,texas
126071,1079745,13-Sep-2017 17:39:03,-0.0243500005454,37.9039497375,True,BAYER,kenya,Meru,michigan
126356,1415765,06-Oct-2017 13:30:44,50.90996932979999,-1.40708994865,False,ALDI,United Kingdom,Southampton,maine
126592,70436,16-Apr-2017 08:19:56,59.7294082642,13.2354021072,True,SCHIBSTED,sweden,Sunne,
126764,792291,23-Aug-2017 11:35:05,53.3341293335,-6.28635978699,True,TESCO,ireland,Rialto,maine
126779,190953,29-May-2017 00:33:08,38.9071923,-77.03687070000002,False,KOHL'S,united states,"Washington, D. C.",maryland
127003,638022,30-Jul-2017 17:05:57,60.2933540344,25.0377693176,True,MICROSOFT - WINDOWS 10,Finland,Vantaa,michigan
127425,54304,12-Apr-2017 00:49:28,34.5199402,-105.87009009999998,False,LEGO,United States,Estancia,new mexico
127609,1029165,11-Sep-2017 15:40:02,4.7848200798,7.00544977188,True,STANDARD BANK,nigeria,Port Harcourt,
127824,1700395,19-Oct-2017 00:26:33,14.2993202209,120.851638794,False,PEOPLE,philippines,Paradahan,
127827,1199619,21-Sep-2017 00:44:56,-37.8657989502,145.102828979,True,TIMES OF INDIA,Australia,Ashwood,
128102,1317774,29-Sep-2017 11:05:23,0.109739996493,113.917396545,True,TELKOMSEL,Indonesia,Longnawang,ohio
128289,1072552,13-Sep-2017 10:07:23,22.5499401093,88.3715820312,True,APPLE INC,India,Kolkata,
128356,2363885,21-Nov-2017 13:31:52,-26.2049407959,28.0400295258,True,STANDARD BANK,South Africa,Johannesburg,
128564,972259,07-Sep-2017 17:57:00,50.94480896,-0.0448600016534,False,MARKS AND SPENCER,United States,Rialto,
128703,1934087,03-Nov-2017 23:40:24,40.4428405762,-79.9982910156,True,TESCO,United States,Pittsburgh,Pennsylvania
128847,2392907,22-Nov-2017 09:12:04,28.394750595100003,84.12776947020001,False,INFOSYS,Nepal,Chame,
